id,intervention,target_metric,direction,effect_min,effect_max,effect_unit,time_horizon,mechanism,ctx_climate_zone,ctx_rainfall_min,ctx_rainfall_max,ctx_soil_texture,ctx_system,critical_dimensions,evidence_strength,source_id,page,quote,verified
C01,residue_retention,moisture_percent,increase,,,,short,"Surface crop residue shades the soil and slows runoff, reducing evaporation losses and increasing infiltration so more rainfall is stored in the root zone.",semi_arid|sub_humid,400,1100,,rainfed,climate_zone,multi_site,srinivasarao_2013,,,false
C02,residue_retention,soc_percent,increase,,,,medium,Returning residue adds a recurring carbon input to the soil; in drylands the size of this input is limited by how much biomass low rainfall allows the crop to produce.,semi_arid,500,1000,,rainfed,rainfall,multi_site,srinivasarao_2013,,,false
C03,residue_retention,ndvi_proxy,increase,,,,medium,Improved stored soil water and nutrient cycling under residue cover support more crop canopy growth in water-limited seasons.,semi_arid,400,1000,,rainfed,,multi_site,srinivasarao_2013,,,false
C04,residue_retention,soc_percent,increase,,,,medium,"Residue retention maintains organic inputs and protects soil aggregates from raindrop impact and erosion, slowing carbon loss.",,,,,,,multi_site,turmel_2015,,,false
C05,mulching,moisture_percent,increase,,,,short,"A mulch layer reduces soil surface evaporation and moderates soil temperature, increasing soil water retention.",humid,900,1100,loamy,,,single_site,mulumba_lal_2008,,,false
C06,mulching,moisture_percent,increase,,,,short,Organic or residue mulch conserves soil moisture in rainfed dryland fields by cutting evaporation between erratic rainfall events.,semi_arid,350,1000,,rainfed,climate_zone,multi_site,srinivasarao_2013,,,false
C07,in_situ_moisture_conservation,moisture_percent,increase,,,,short,"Contour bunds and conservation furrows slow overland flow and lengthen infiltration opportunity time, so a larger share of rainfall enters the soil profile.",semi_arid,400,900,,rainfed,climate_zone,multi_site,srinivasarao_2013,,,false
C08,in_situ_moisture_conservation,ndvi_proxy,increase,,,,medium,Additional stored soil water from in-situ conservation extends the period of active crop growth during dry spells.,semi_arid,400,900,,rainfed,climate_zone,multi_site,srinivasarao_2013,,,false
C09,in_situ_moisture_conservation,soc_percent,increase,,,,long,"Reducing runoff also reduces erosion of carbon-rich topsoil, protecting existing soil organic carbon stocks.",semi_arid,400,1000,,rainfed,,multi_site,srinivasarao_2013,,,false
C10,broad_bed_furrow,moisture_percent,increase,,,,short,"On Vertisols, broad beds with furrows drain excess water during intense rain and improve infiltration and storage between events, which only works on swelling clay soils.",semi_arid,,,vertisol,rainfed,soil_texture,single_site,wani_2003,,,false
C11,broad_bed_furrow,soc_percent,increase,,,,long,Improved Vertisol management with higher crop biomass production increased soil carbon over long-term trials in the semi-arid tropics.,semi_arid,,,vertisol,rainfed,soil_texture,single_site,wani_2003,,,false
C12,farmyard_manure,soc_percent,increase,,,,medium,"Organic amendments add stabilised carbon directly and stimulate soil biological activity, raising organic carbon in low-carbon dryland soils.",semi_arid,,,,rainfed,,multi_site,srinivasarao_2013,,,false
C13,farmyard_manure,moisture_percent,increase,,,,medium,"Raising soil organic matter increases aggregation and available water capacity, especially in coarse-textured soils.",,,,,,,multi_site,lal_2004,,,false
C14,cover_cropping,soc_percent,increase,0.24,0.40,Mg C ha-1 yr-1,medium,"Cover crops add root and shoot carbon inputs during otherwise fallow periods; the effect depends on cover-crop biomass production, which requires adequate off-season water.",sub_humid|humid|temperate,600,1500,,rainfed|irrigated,rainfall,meta_analysis,poeplau_don_2015,,,false
C15,cover_cropping,moisture_percent,decrease,,,,short,"In water-limited environments cover crops transpire stored soil water, which can leave less water for the following main crop.",semi_arid|sub_humid,300,900,,rainfed,rainfall,multi_site,unger_vigil_1998,,,false
C16,crop_diversification,species_richness_index,increase,,,,medium,"More crop species in rotations or intercrops create more varied resources and microhabitats, increasing associated farmland biodiversity on average, though with high variability.",,,,,,,meta_analysis,beillouin_2021,,,false
C17,crop_diversification,pollinator_observed,increase,,,,medium,"Diversified cropping provides flowering resources over a longer period, supporting pollinator communities.",,,,,,,meta_analysis,tamburini_2020,,,false
C18,crop_diversification,soc_percent,increase,,,,long,"Diversified rotations increase the quantity and diversity of residue and root inputs, supporting soil fertility services.",,,,,,,meta_analysis,tamburini_2020,,,false
C19,legume_intercropping,soc_percent,increase,,,,medium,"Legume intercrops in dryland systems add biologically fixed nitrogen and residue, improving soil organic carbon and fertility.",semi_arid,,,,rainfed,,multi_site,srinivasarao_2013,,,false
C20,legume_intercropping,species_richness_index,increase,,,,medium,"Intercropping raises within-field plant diversity, one form of crop diversification associated with higher farmland biodiversity.",,,,,,,meta_analysis,beillouin_2021,,,false
C21,agroforestry,species_richness_index,increase,,,,long,"Trees add vertical structure, perennial cover and habitat niches, increasing biodiversity relative to open cropland.",temperate,,,,,,meta_analysis,torralba_2016,,,false
C22,agroforestry,soc_percent,increase,,,,long,"Tree biomass, litter fall and deep roots add carbon above and below ground, increasing soil carbon over decades.",,,,,,,multi_site,nair_2009,,,false
C23,agroforestry,habitat_diversity_index,increase,,,,long,Tree rows and woody patches add semi-natural habitat elements to simplified agricultural landscapes.,,,,,,,multi_site,tscharntke_2005,,,false
C24,agroforestry,moisture_percent,decrease,,,,short,"In the semi-arid tropics tree roots overlap crop roots and compete for scarce soil water, especially while trees establish and when rainfall is low.",semi_arid,300,1000,,rainfed|agroforestry,rainfall,multi_site,ong_leakey_1999,,,false
C25,field_margin_restoration,pollinator_observed,increase,,,,short,"Flower strips and hedgerows provide nectar, pollen and nesting sites, increasing pollinator visitation to adjacent crops.",temperate,,,,,,meta_analysis,albrecht_2020,,,false
C26,field_margin_restoration,habitat_diversity_index,increase,,,,short,Uncropped field margins add permanent semi-natural habitat and connect habitat patches across the farm.,temperate,,,,,,multi_site,marshall_moonen_2002,,,false
C27,field_margin_restoration,species_richness_index,increase,,,,medium,Semi-natural habitat within simplified landscapes supports species that cannot persist in crop fields alone.,,,,,,,multi_site,tscharntke_2005,,,false
C28,pesticide_reduction_ipm,species_richness_index,increase,,,,medium,"Insecticide and fungicide use is consistently associated with lower plant, carabid and bird diversity; reducing use removes this pressure.",temperate,,,,,,multi_site,geiger_2010,,,false
C29,pesticide_reduction_ipm,pollinator_observed,increase,,,,short,"Reducing pesticide exposure, especially to insecticides, lowers lethal and sublethal effects on pollinators.",,,,,,,multi_site,ipbes_2016,,,false
C30,organic_management,species_richness_index,increase,30,34,% higher species richness,medium,Organic management removes synthetic pesticide and fertiliser inputs; the biodiversity benefit is larger in intensively farmed landscapes.,,,,,,,meta_analysis,tuck_2014,,,false
C31,grazing_management,species_richness_index,increase,,,,medium,"Reducing livestock grazing intensity lessens trampling and selective removal of plants, allowing plant and animal diversity to recover.",,,,,rangeland|rainfed,,meta_analysis,eldridge_2016,,,false
C32,grazing_management,soc_percent,increase,,,,long,"Lower grazing pressure maintains ground cover and soil function, reducing carbon loss.",,,,,rangeland|rainfed,,meta_analysis,eldridge_2016,,,false
C33,habitat_connectivity,species_richness_index,increase,13,75,% biodiversity loss attributable to fragmentation,long,"Reconnecting habitat fragments reduces edge effects and isolation, slowing species loss over time.",,,,,,,multi_site,haddad_2015,,,false
C34,habitat_connectivity,pollinator_observed,increase,,,,medium,Pollinator visitation to crops declines with distance from natural habitat; closer and connected habitat stabilises pollination services.,,,,,,,meta_analysis,garibaldi_2011,,,false
C35,reduced_tillage,moisture_percent,increase,,,,short,"No-till combined with residue retention and rotation performs best relative to conventional tillage in dry climates, largely through better water conservation.",semi_arid,,,,rainfed,climate_zone,meta_analysis,pittelkow_2015,,,false
C36,reduced_tillage,soc_percent,increase,,,,long,Less soil disturbance slows decomposition of soil organic matter and protects aggregates.,,,,,,,multi_site,lal_2004,,,false
C37,reduced_tillage,ndvi_proxy,increase,5,10,% higher yield vs conventional tillage,medium,"In dry climates no-till combined with residue retention and crop rotation outperforms conventional tillage, largely through better water capture and retention; without those two companion practices no-till alone reduces yields.",semi_arid,,,,rainfed,climate_zone,meta_analysis,pittelkow_2015,,,false
